Question,Numbers,Equation,Answer,group_nums,Grade,Type,Body,Ques_Statement
number0 red apples and number1 green apples are in the basket . how many apples are in the basket ?,7 2,+ number0 number1,9.0,"[0, 1, 2, 3, 4, 5, 6, 10, 16, 17, 18]",1,Addition,number0 red apples and number1 green apples are in the basket .,how many apples are in the basket ?
ellen has number0 more balls than marin . marin has number1 balls . how many balls does ellen have ?,6 9,+ number0 number1,15.0,"[1, 2, 3, 4, 5, 9, 10, 11, 16, 17, 18]",1,Addition,ellen has number0 more balls than marin . marin has number1 balls .,how many balls does ellen have ?
janet has number0 oranges and sharon has number1 oranges . how many oranges do janet and sharon have together ?,9 7,+ number0 number1,16.0,"[1, 2, 3, 6, 7, 8, 16, 17, 18]",1,Addition,janet has number0 oranges and sharon has number1 oranges .,how many oranges do janet and sharon have together ?
allan brought number0 balloons and jake brought number1 balloons to the park . how many balloons did allan and jake have in the park ?,2 4,+ number0 number1,6.0,"[1, 2, 3, 6, 7, 8, 21, 22, 23]",1,Addition,allan brought number0 balloons and jake brought number1 balloons to the park .,how many balloons did allan and jake have in the park ?
adam has number0 more apples than jackie . jackie has number1 apples . how many apples does adam have ?,5 9,+ number0 number1,14.0,"[1, 2, 3, 4, 5, 9, 10, 11, 16, 17, 18]",1,Addition,adam has number0 more apples than jackie . jackie has number1 apples .,how many apples does adam have ?
brian has number0 more plums than paul . paul has number1 plums . how many plums does brian have ?,4 7,+ number0 number1,11.0,"[1, 2, 3, 4, 5, 9, 10, 11, 16, 17, 18]",1,Addition,brian has number0 more plums than paul . paul has number1 plums .,how many plums does brian have ?
sandra took number0 cups of coffee and marcie took number1 cups of coffee . how many cups of coffee did sandra and marcie take in total ?,6 2,+ number1 number0,8.0,"[1, 2, 3, 8, 9, 10, 23, 24, 25]",1,Addition,sandra took number0 cups of coffee and marcie took number1 cups of coffee .,how many cups of coffee did sandra and marcie take in total ?
number0 plums were in the basket . more plums were added to the basket . now there are number1 plums . how many plums were added to the basket ?,17 21,- number1 number0,4.0,"[0, 1, 2, 5, 17, 18, 19, 26, 27, 28]",1,Subtraction,number0 plums were in the basket . more plums were added to the basket . now there are number1 plums .,how many plums were added to the basket ?
number0 red plums and number1 green plums are in the basket . how many plums are in the basket ?,14 4,+ number1 number0,18.0,"[0, 1, 2, 3, 4, 5, 6, 16, 17, 18]",1,Addition,number0 red plums and number1 green plums are in the basket .,how many plums are in the basket ?
marin has number0 apples and donald has number1 apples . how many apples do marin and donald have together ?,9 2,+ number0 number1,11.0,"[1, 2, 3, 6, 7, 8, 16, 17, 18]",1,Addition,marin has number0 apples and donald has number1 apples .,how many apples do marin and donald have together ?
number0 apples were in the basket . number1 are red and the rest are green . how many apples are green ?,46 22,- number0 number1,24.0,"[0, 1, 4, 5, 7, 8, 18, 19, 20]",1,Subtraction,number0 apples were in the basket . number1 are red and the rest are green .,how many apples are green ?
number0 red peaches and number1 green peaches are in the basket . how many peaches are in the basket ?,5 14,+ number0 number1,19.0,"[0, 1, 2, 3, 4, 5, 6, 16, 17, 18]",1,Addition,number0 red peaches and number1 green peaches are in the basket .,how many peaches are in the basket ?
number0 peaches are in the basket . number1 more peaches are put in the basket . how many peaches are in the basket now ?,20 25,+ number0 number1,45.0,"[0, 1, 5, 6, 7, 8, 9, 21, 22, 23]",1,Addition,number0 peaches are in the basket . number1 more peaches are put in the basket .,how many peaches are in the basket now ?
number0 balls were in the basket . some of the balls were removed from the basket . now there are number1 balls . how many balls were removed from the basket ?,8 6,- number0 number1,2.0,"[0, 1, 2, 5, 19, 20, 21, 28, 29, 30]",1,Subtraction,number0 balls were in the basket . some of the balls were removed from the basket . now there are number1 balls .,how many balls were removed from the basket ?
some oranges were in the basket . number0 oranges were taken from the basket . now there are number1 oranges . how many oranges were in the basket before some of the oranges were taken ?,5 3,+ number0 number1,8.0,"[32, 1, 2, 33, 34, 5, 6, 7, 8, 17, 18, 19]",1,Addition,some oranges were in the basket . number0 oranges were taken from the basket . now there are number1 oranges .,how many oranges were in the basket before some of the oranges were taken ?
jake has number0 fewer peaches than steven . steven has number1 peaches . how many peaches does jake have ?,6 13,- number1 number0,7.0,"[1, 2, 3, 4, 5, 9, 10, 11, 16, 17, 18]",1,Subtraction,jake has number0 fewer peaches than steven . steven has number1 peaches .,how many peaches does jake have ?
david has number0 fewer apples than marin . marin has number1 apples . how many apples does david have ?,0 3,- number1 number0,3.0,"[1, 2, 3, 4, 5, 9, 10, 11, 16, 17, 18]",1,Subtraction,david has number0 fewer apples than marin . marin has number1 apples .,how many apples does david have ?
jake has number0 fewer balls than audrey . audrey has number1 balls . how many balls does jake have ?,34 41,- number1 number0,7.0,"[1, 2, 3, 4, 5, 9, 10, 11, 16, 17, 18]",1,Subtraction,jake has number0 fewer balls than audrey . audrey has number1 balls .,how many balls does jake have ?
brian has number0 fewer oranges than marcie . marcie has number1 oranges . how many oranges does brian have ?,0 12,- number1 number0,12.0,"[1, 2, 3, 4, 5, 9, 10, 11, 16, 17, 18]",1,Subtraction,brian has number0 fewer oranges than marcie . marcie has number1 oranges .,how many oranges does brian have ?
number0 birds were sitting on the fence . number1 more birds came to join them . how many birds are sitting on the fence ?,2 4,+ number0 number1,6.0,"[0, 1, 3, 4, 8, 9, 10, 21, 22, 23]",1,Addition,number0 birds were sitting on the fence . number1 more birds came to join them .,how many birds are sitting on the fence ?
you have number0 cookies and you ate number1 of them . how many cookies do you have left ?,7 2,- number0 number1,5.0,"[1, 2, 3, 6, 7, 8, 15, 16, 17]",1,Subtraction,you have number0 cookies and you ate number1 of them .,how many cookies do you have left ?
you have collected number0 crickets . how many more crickets do you need to collect to have number1 crickets ?,7 11,- number1 number0,4.0,"[1, 2, 3, 4, 6, 10, 16, 17, 18]",1,Subtraction,you have collected number0 crickets .,how many more crickets do you need to collect to have number1 crickets ?
number0 birds are sitting on a branch . number1 flies away . how many birds are left on the branch ?,4 1,- number0 number1,3.0,"[0, 1, 3, 8, 9, 17, 18, 19]",1,Subtraction,number0 birds are sitting on a branch . number1 flies away .,how many birds are left on the branch ?
number0 raccoons are playing in the woods . number1 go home to eat dinner . how many raccoons are left in the woods ?,3 2,- number0 number1,1.0,"[0, 1, 3, 8, 9, 20, 21, 22]",1,Subtraction,number0 raccoons are playing in the woods . number1 go home to eat dinner .,how many raccoons are left in the woods ?
number0 owls were sitting on the fence . number1 more owls joined them . how many owls are on the fence now ?,3 2,+ number0 number1,5.0,"[0, 1, 3, 6, 8, 9, 10, 19, 20, 21]",1,Addition,number0 owls were sitting on the fence . number1 more owls joined them .,how many owls are on the fence now ?
number0 beavers were working on their home . number1 went for a swim . how many beavers are still working on their home ?,2 1,- number0 number1,1.0,"[0, 1, 3, 5, 8, 9, 20, 21, 22]",1,Subtraction,number0 beavers were working on their home . number1 went for a swim .,how many beavers are still working on their home ?
number0 toucans are sitting on a tree limb . number1 more toucan joins them . how many toucans in all ?,2 1,+ number0 number1,3.0,"[0, 1, 3, 9, 10, 11, 17, 18, 19]",1,Addition,number0 toucans are sitting on a tree limb . number1 more toucan joins them .,how many toucans in all ?
mrs. hilt 's favorite first grade classes are baking muffins . mrs. brier 's class bakes number0 muffins mrs. macadams 's class bakes number1 muffins and mrs. flannery 's class bakes number2 muffins . how many muffins does first grade bake in all ?,18 20 17,+ + number0 number1 number2,55.0,"[32, 1, 4, 6, 8, 40, 41, 11, 42, 15, 16, 17, 19, 22, 23, 24, 30, 31]",1,Sum,mrs. hilt 's favorite first grade classes are baking muffins . mrs. brier 's class bakes number0 muffins mrs. macadams 's class bakes number1 muffins and mrs. flannery 's class bakes number2 muffins .,how many muffins does first grade bake in all ?
mrs. hilt bought a yoyo for number0 cents and a whistle for number1 cents . how much did she spend in all for the number2 toys ?,24 14 2,+ number0 number1,38.0,"[5, 6, 7, 11, 12, 13, 23, 24, 25]",1,Addition,mrs. hilt bought a yoyo for number0 cents and a whistle for number1 cents .,how much did she spend in all for the number2 toys ?
mrs. hilt made number0 rice krispie treats . she used number1 large marshmallows and number2 mini marshmallows . how many marshmallows did she use altogether ?,5 8 10,+ number1 number2,18.0,"[1, 2, 3, 4, 5, 6, 9, 10, 11, 12, 13, 14, 15, 16, 22, 23, 24]",1,Addition,mrs. hilt made number0 rice krispie treats . she used number1 large marshmallows and number2 mini marshmallows .,how many marshmallows did she use altogether ?
at mrs. hilt 's house there was number0 inches of snow and brecknock elementary school received number1 inches of snow . how much more snow did mrs. hilt 's house have ?,29 17,- number0 number1,12.0,"[6, 7, 8, 15, 16, 17, 28, 29, 30]",1,Subtraction,at mrs. hilt 's house there was number0 inches of snow and brecknock elementary school received number1 inches of snow .,how much more snow did mrs. hilt 's house have ?
mrs. hilt has $ number0 . she spends $ number1 on a toy truck and $ number2 on a pencil case . how much money does she have left ?,10 3 2,- number0 + number1 number2,5.0,"[2, 3, 4, 7, 8, 9, 10, 15, 16, 17, 26, 27, 28]",1,Subtraction,mrs. hilt has $ number0 . she spends $ number1 on a toy truck and $ number2 on a pencil case .,how much money does she have left ?
mrs. hilt has number0 friends . she can only take number1 of her friends to the movies . how many friends ca n't go to the movies ?,15 8,- number0 number1,7.0,"[1, 2, 3, 4, 5, 9, 10, 11, 24, 25, 26]",1,Subtraction,mrs. hilt has number0 friends . she can only take number1 of her friends to the movies .,how many friends ca n't go to the movies ?
mrs. hilt ran number0 miles on monday number1 miles on wednesday and number2 miles on friday . how many total miles did she run that week ?,3 2 7,+ + number0 number1 number2,12.0,"[1, 2, 3, 4, 6, 7, 8, 11, 12, 13, 23, 24, 25]",1,Sum,mrs. hilt ran number0 miles on monday number1 miles on wednesday and number2 miles on friday .,how many total miles did she run that week ?
mrs. hilt picked up a book that has number0 pages in it . she read number1 of the pages . how many pages did she have left to read ?,17 11,- number0 number1,6.0,"[1, 6, 7, 8, 9, 14, 15, 16, 26, 27, 28]",1,Subtraction,mrs. hilt picked up a book that has number0 pages in it . she read number1 of the pages .,how many pages did she have left to read ?
mrs. hilt had number0 cents . she bought a pencil for number1 cents . how much money did she have left ?,15 11,- number0 number1,4.0,"[2, 3, 4, 10, 11, 12, 18, 19, 20]",1,Subtraction,mrs. hilt had number0 cents . she bought a pencil for number1 cents .,how much money did she have left ?
mrs. hilt met number0 friends . number1 of the friends were carrying pears . the rest were carrying oranges . how many friends were carrying oranges ?,15 9,- number0 number1,6.0,"[1, 2, 3, 4, 6, 7, 23, 24, 25]",1,Subtraction,mrs. hilt met number0 friends . number1 of the friends were carrying pears . the rest were carrying oranges .,how many friends were carrying oranges ?
mary 's mom is getting ready for mary 's birthday party . she blew up number0 balloons this morning and number1 balloons this afternoon . how many balloons did she blow up in all ?,6 5,+ number0 number1,11.0,"[32, 1, 33, 5, 14, 15, 16, 19, 20, 21, 31]",1,Addition,mary 's mom is getting ready for mary 's birthday party . she blew up number0 balloons this morning and number1 balloons this afternoon .,how many balloons did she blow up in all ?
shelby 's teacher gives out gold stars for great math work . yesterday shelby earned number0 gold stars . today she earned number1 more . how many gold stars did shelby earn in all ?,4 3,+ number0 number1,7.0,"[32, 1, 2, 3, 33, 6, 14, 15, 16, 17, 21, 22, 23, 31]",1,Addition,shelby 's teacher gives out gold stars for great math work . yesterday shelby earned number0 gold stars . today she earned number1 more .,how many gold stars did shelby earn in all ?
the litter patrol picked up number0 glass bottles and number1 aluminum cans on saturday . how many pieces of litter did they pick up altogether ?,10 8,+ number0 number1,18.0,"[3, 4, 5, 6, 7, 8, 9, 10, 11, 22, 23, 24]",1,Addition,the litter patrol picked up number0 glass bottles and number1 aluminum cans on saturday .,how many pieces of litter did they pick up altogether ?
millie had number0 bracelets . she lost number1 of them . how many bracelets does millie have left ?,9 2,- number0 number1,7.0,"[1, 2, 3, 6, 7, 8, 15, 16, 17]",1,Subtraction,millie had number0 bracelets . she lost number1 of them .,how many bracelets does millie have left ?
sammy has number0 math problems to do for homework . he has already finished number1 of them . how many math problems does sammy have left ?,9 2,- number0 number1,7.0,"[1, 2, 3, 4, 7, 13, 14, 15, 23, 24, 25]",1,Subtraction,sammy has number0 math problems to do for homework . he has already finished number1 of them .,how many math problems does sammy have left ?
there were number0 students riding on the school bus . at the first stop number1 students got off of the bus . how many students are left on the bus ?,10 3,- number0 number1,7.0,"[1, 2, 3, 13, 14, 15, 16, 27, 28, 29]",1,Subtraction,there were number0 students riding on the school bus . at the first stop number1 students got off of the bus .,how many students are left on the bus ?
there were number0 ducks swimming in the pond . number1 ducks flew away . how many ducks are still swimming in the pond ?,8 3,- number0 number1,5.0,"[1, 2, 3, 5, 9, 10, 20, 21, 22]",1,Subtraction,there were number0 ducks swimming in the pond . number1 ducks flew away .,how many ducks are still swimming in the pond ?
lucy went to the grocery store . she bought number0 packs of cookies and number1 packs of noodles . how many packs of groceries did she buy in all ?,12 16,+ number0 number1,28.0,"[1, 7, 8, 9, 10, 13, 14, 15, 26, 27, 28]",2,Addition,lucy went to the grocery store . she bought number0 packs of cookies and number1 packs of noodles .,how many packs of groceries did she buy in all ?
roden went to a pet shop . he bought number0 gold fish and number1 blue fish . how many fish did he buy ?,15 7,+ number0 number1,22.0,"[1, 5, 7, 8, 9, 10, 11, 12, 13, 14, 15, 20, 21, 22]",2,Addition,roden went to a pet shop . he bought number0 gold fish and number1 blue fish .,how many fish did he buy ?
i read number0 pages of my english book yesterday . today i read number1 pages . what is the total number of pages did i read ?,21 17,+ number0 number1,38.0,"[1, 2, 3, 12, 13, 14, 23, 24, 25]",2,Addition,i read number0 pages of my english book yesterday . today i read number1 pages .,what is the total number of pages did i read ?
in a school there are number0 girls and number1 boys . how many pupils are there in that school ?,542 387,+ number0 number1,929.0,"[4, 5, 6, 7, 8, 9, 16, 17, 18]",2,Addition,in a school there are number0 girls and number1 boys .,how many pupils are there in that school ?
linda has number0 candies . chloe has number1 how many candies do they have in all ?,34 28,+ number0 number1,62.0,"[1, 2, 3, 5, 6, 7, 8, 13, 14, 15]",2,Addition,linda has number0 candies . chloe has number1 how,many candies do they have in all ?
jose has number0 chickens and number1 ducks . how many fowls does he have ?,28 18,+ number0 number1,46.0,"[1, 2, 3, 4, 5, 6, 11, 12, 13]",2,Addition,jose has number0 chickens and number1 ducks .,how many fowls does he have ?
gino has number0 popsicle sticks . i have number1 popsicle sticks . what is the sum of our popsicle sticks ?,63 50,+ number0 number1,113.0,"[1, 2, 3, 4, 7, 8, 9, 10, 17, 18, 19]",2,Addition,gino has number0 popsicle sticks . i have number1 popsicle sticks .,what is the sum of our popsicle sticks ?
lino picked up number0 shells at the seashore in the morning and number1 shells in the afternoon . how many shells did he pick up in all ?,292 324,+ number0 number1,616.0,"[1, 2, 3, 4, 5, 11, 12, 13, 24, 25, 26]",2,Addition,lino picked up number0 shells at the seashore in the morning and number1 shells in the afternoon .,how many shells did he pick up in all ?
there were number0 parents in the program and number1 pupils too . how many people were present in the program ?,105 698,+ number0 number1,803.0,"[1, 2, 3, 7, 8, 9, 17, 18, 19]",2,Addition,there were number0 parents in the program and number1 pupils too .,how many people were present in the program ?
last saturday marie sold number0 magazines and number1 newspapers . what is the total number of reading materials she sold ?,425 275,+ number0 number1,700.0,"[3, 4, 5, 6, 7, 8, 17, 18, 19]",2,Addition,last saturday marie sold number0 magazines and number1 newspapers .,what is the total number of reading materials she sold ?
there are number0 birds on the fence . number1 more birds land on the fence . how many birds are on the fence ?,12 8,+ number0 number1,20.0,"[1, 2, 3, 6, 8, 9, 10, 20, 21, 22]",2,Addition,there are number0 birds on the fence . number1 more birds land on the fence .,how many birds are on the fence ?
number0 boys went down the slide . number1 more boys went down the slide . how many boys went down the slide ?,22 13,+ number0 number1,35.0,"[0, 1, 7, 8, 9, 10, 19, 20, 21]",2,Addition,number0 boys went down the slide . number1 more boys went down the slide .,how many boys went down the slide ?
number0 ducks are swimming in a lake . number1 more ducks come to join them . how many ducks are swimming in the lake ?,13 20,+ number0 number1,33.0,"[0, 1, 3, 4, 8, 9, 10, 21, 22, 23]",2,Addition,number0 ducks are swimming in a lake . number1 more ducks come to join them .,how many ducks are swimming in the lake ?
number0 dogs are barking . number1 more dogs start to bark . how many dogs are barking ?,30 10,+ number0 number1,40.0,"[0, 1, 3, 4, 5, 6, 14, 15, 16]",2,Addition,number0 dogs are barking . number1 more dogs start to bark .,how many dogs are barking ?
bobby ate number0 pieces of candy . then he ate number1 more . how many pieces of candy did bobby eat ?,26 17,+ number0 number1,43.0,"[1, 2, 3, 7, 9, 10, 11, 18, 19, 20]",2,Addition,bobby ate number0 pieces of candy . then he ate number1 more .,how many pieces of candy did bobby eat ?
sandy had number0 pet fish . she bought number1 more fish . how many pet fish does sandy have now ?,26 6,+ number0 number1,32.0,"[1, 2, 3, 4, 6, 7, 8, 9, 10, 17, 18, 19]",2,Addition,sandy had number0 pet fish . she bought number1 more fish .,how many pet fish does sandy have now ?
the clown blew up number0 balloons . then he blew up number1 more balloons . how many balloons does the clown have now ?,47 13,+ number0 number1,60.0,"[1, 2, 3, 4, 5, 6, 10, 11, 12, 13, 20, 21, 22]",2,Addition,the clown blew up number0 balloons . then he blew up number1 more balloons .,how many balloons does the clown have now ?
our class got number0 books from the library . then we got number1 more books from the library . how many books did our class get from the library ?,54 23,+ number0 number1,77.0,"[1, 2, 3, 4, 6, 11, 12, 13, 14, 26, 27, 28]",2,Addition,our class got number0 books from the library . then we got number1 more books from the library .,how many books did our class get from the library ?
julia played tag with number0 kids on monday . she played tag with number1 kids on tuesday . how many kids did she play with altogether ?,12 7,+ number0 number1,19.0,"[1, 3, 4, 5, 12, 13, 14, 23, 24, 25]",2,Addition,julia played tag with number0 kids on monday . she played tag with number1 kids on tuesday .,how many kids did she play with altogether ?
molly had number0 candles on her birthday cake . she grew older and got number1 more on her birthday cake . how old is molly now ?,14 6,+ number0 number1,20.0,"[1, 2, 3, 4, 13, 14, 15, 23, 24, 25]",2,Addition,molly had number0 candles on her birthday cake . she grew older and got number1 more on her birthday cake .,how old is molly now ?
james ate number0 carrot sticks before dinner and number1 more after dinner . how many carrot sticks did he eat ?,22 15,+ number0 number1,37.0,"[1, 2, 3, 4, 6, 7, 8, 9, 17, 18, 19]",2,Addition,james ate number0 carrot sticks before dinner and number1 more after dinner .,how many carrot sticks did he eat ?
jovana filled her bucket with number0 pounds of shells . if she adds number1 more pounds of shell to fill her bucket how many pounds does she have ?,5 12,+ number0 number1,17.0,"[2, 4, 5, 6, 12, 13, 14, 15, 17, 25, 26, 27]",2,Addition,jovana filled her bucket with number0 pounds of shells . if she adds number1 more pounds of shell to fill her bucket,how many pounds does she have ?
jovana filled her bucket with number0 pounds of shells . if a friend comes to add number1 pounds of shells and another friend comes to add number2 pounds of shells how many pounds does she have altogether ?,5 15 17,+ + number0 number1 number2,37.0,"[34, 35, 4, 5, 6, 36, 15, 16, 17, 21, 25, 26, 27]",2,Sum,jovana filled her bucket with number0 pounds of shells . if a friend comes to add number1 pounds of shells and another friend comes to add number2 pounds of shells,how many pounds does she have altogether ?
isabella 's hair is number0 cubes long . if her hair grows number1 more inches how long will it be ?,18 4,+ number0 number1,22.0,"[3, 4, 5, 11, 12, 13, 14, 17, 18, 19]",2,Addition,isabella 's hair is number0 cubes long . if her hair grows number1 more inches,how long will it be ?
mrs. sheridan has number0 cats . mr. sheridan gave her number1 more cats . how many cats does mrs. sheridan have altogether ?,17 14,+ number0 number1,31.0,"[1, 2, 3, 4, 5, 6, 9, 10, 11, 12, 19, 20, 21]",2,Addition,mrs. sheridan has number0 cats . mr. sheridan gave her number1 more cats .,how many cats does mrs. sheridan have altogether ?
mrs. sheridan has number0 fish . her sister gave her number1 more fish . how many fish does she have now ?,22 47,+ number0 number1,69.0,"[1, 2, 3, 4, 5, 9, 10, 11, 12, 18, 19, 20]",2,Addition,mrs. sheridan has number0 fish . her sister gave her number1 more fish .,how many fish does she have now ?
cade had number0 marbles . he gave number1 to dylan . how many does he have left ?,87 8,- number0 number1,79.0,"[1, 2, 3, 6, 7, 8, 14, 15, 16]",2,Subtraction,cade had number0 marbles . he gave number1 to dylan .,how many does he have left ?
michael has some fish in his fish tank . ben gave him number0 more fish . now he has number1 how many fish did he have to begin with ?,18 49,- number1 number0,31.0,"[1, 4, 7, 11, 12, 13, 14, 18, 19, 20, 26, 27, 28]",2,Subtraction,michael has some fish in his fish tank . ben gave him number0 more fish . now he has number1 how,many fish did he have to begin with ?
daniel had some noodles . he gave number0 noodles to william . now daniel only has number1 noodles . how many noodles did daniel have to begin with ?,12 54,+ number1 number0,66.0,"[1, 3, 6, 7, 8, 15, 16, 17, 25, 26, 27]",2,Addition,daniel had some noodles . he gave number0 noodles to william . now daniel only has number1 noodles .,how many noodles did daniel have to begin with ?
hayley had number0 meatballs on her plate . kirsten stole some of her meatballs . now she has number1 meatballs on her plate . how many meatballs did kirsten steal ?,25 11,- number0 number1,14.0,"[1, 2, 3, 5, 17, 18, 19, 27, 28, 29]",2,Subtraction,hayley had number0 meatballs on her plate . kirsten stole some of her meatballs . now she has number1 meatballs on her plate .,how many meatballs did kirsten steal ?
isabella 's hair is number0 inches long . if she gets a haircut and now her hair is number1 inches long how much of isabella 's hair got cut off ?,18 9,- number0 number1,9.0,"[3, 4, 5, 17, 18, 19, 27, 28, 29]",2,Subtraction,isabella 's hair is number0 inches long . if she gets a haircut and now her hair is number1 inches long,how much of isabella 's hair got cut off ?
isabella 's hair is number0 inches long . by the end of the year her hair is number1 inches long . how much hair did she grow ?,18 24,- number1 number0,6.0,"[3, 4, 5, 16, 17, 18, 24, 25, 26]",2,Subtraction,isabella 's hair is number0 inches long . by the end of the year her hair is number1 inches long .,how much hair did she grow ?
jovana had number0 pounds of shells in her bucket . she added some shells and now has number1 pounds of shells . how many pounds did she add ?,5 28,- number1 number0,23.0,"[1, 2, 3, 5, 6, 16, 17, 18, 25, 26, 27]",2,Subtraction,jovana had number0 pounds of shells in her bucket . she added some shells and now has number1 pounds of shells .,how many pounds did she add ?
isha 's pencil is number0 inches long . if she sharpens it now her pencil is number1 inches long . how much did she sharpen off of her pencil ?,31 14,- number0 number1,17.0,"[3, 4, 5, 15, 16, 17, 26, 27, 28]",2,Subtraction,isha 's pencil is number0 inches long . if she sharpens it now her pencil is number1 inches long .,how much did she sharpen off of her pencil ?
mrs. sheridan has number0 cats . how many more cats does mrs. sheridan need to have number1 cats ?,11 43,- number1 number0,32.0,"[1, 2, 3, 4, 7, 9, 15, 16, 17]",2,Subtraction,mrs. sheridan has number0 cats .,how many more cats does mrs. sheridan need to have number1 cats ?
mrs. wong had number0 valentines . she gave number1 valentines to her children . how many does she have left ?,30 8,- number0 number1,22.0,"[1, 2, 3, 4, 7, 8, 9, 17, 18, 19]",2,Subtraction,mrs. wong had number0 valentines . she gave number1 valentines to her children .,how many does she have left ?
mrs. franklin had number0 valentines . mrs. franklin gave some to her students . now she has number1 how many valentines did mrs. franklin give to her students ?,58 16,- number0 number1,42.0,"[1, 2, 3, 4, 6, 16, 17, 18, 25, 26, 27]",2,Subtraction,mrs. franklin had number0 valentines . mrs. franklin gave some to her students . now she has number1 how,many valentines did mrs. franklin give to her students ?
mrs. snyder made number0 heart cookies . she made number1 red cookies and the rest are pink . how many pink cookies did she make ?,86 36,- number0 number1,50.0,"[1, 2, 3, 4, 5, 6, 8, 9, 10, 11, 22, 23, 24]",2,Subtraction,mrs. snyder made number0 heart cookies . she made number1 red cookies and the rest are pink .,how many pink cookies did she make ?
number0 birds were sitting in a tree . some more fly up to the tree . then there were number1 birds in the tree . how many more flew up to the tree ?,29 42,- number1 number0,13.0,"[0, 1, 2, 3, 32, 18, 19, 20, 30, 31]",2,Subtraction,number0 birds were sitting in a tree . some more fly up to the tree . then there were number1 birds in the tree .,how many more flew up to the tree ?
number0 children were riding on the bus . at the bus stop some more children got on the bus . then there were number1 children altogether on the bus . how many children got on the bus at the bus stop ?,18 25,- number1 number0,7.0,"[0, 1, 2, 3, 38, 39, 40, 13, 15, 22, 23, 24]",2,Subtraction,number0 children were riding on the bus . at the bus stop some more children got on the bus . then there were number1 children altogether on the bus .,how many children got on the bus at the bus stop ?
there were number0 girls and number1 boys on the playground at recess . how many children were there in all ?,28 35,+ number0 number1,63.0,"[1, 2, 3, 4, 5, 6, 17, 18, 19]",2,Addition,there were number0 girls and number1 boys on the playground at recess .,how many children were there in all ?
the elephant had number0 peanuts . she ate number1 of them . how many peanuts did the elephant have left ?,407 129,- number0 number1,278.0,"[1, 2, 3, 4, 7, 8, 9, 17, 18, 19]",2,Subtraction,the elephant had number0 peanuts . she ate number1 of them .,how many peanuts did the elephant have left ?
there were number0 geese and number1 ducks in the marsh . how many birds were there in all ?,58 37,+ number0 number1,95.0,"[1, 2, 3, 4, 5, 6, 15, 16, 17]",2,Addition,there were number0 geese and number1 ducks in the marsh .,how many birds were there in all ?
robin had number0 pieces of gum . her brother gave her some more pieces . now robin has number1 pieces in all . how many pieces of gum did robin 's brother give her ?,18 44,- number1 number0,26.0,"[32, 1, 2, 3, 33, 5, 9, 17, 18, 19, 31]",2,Subtraction,robin had number0 pieces of gum . her brother gave her some more pieces . now robin has number1 pieces in all .,how many pieces of gum did robin 's brother give her ?
tommy had some balloons . his mom gave him number0 more balloons for his birthday . then tommy had number1 balloons . how many balloons did tommy have to start with ?,34 60,- number1 number0,26.0,"[1, 2, 5, 7, 8, 9, 10, 11, 18, 19, 20, 28, 29, 30]",2,Subtraction,tommy had some balloons . his mom gave him number0 more balloons for his birthday . then tommy had number1 balloons .,how many balloons did tommy have to start with ?
alex had some candles for his jack o'lanterns . he used number0 of them . now he has number1 left . how many candles did alex have to start with ?,32 12,+ number0 number1,44.0,"[10, 11, 12, 17, 18, 19, 27, 28, 29]",2,Addition,alex had some candles for his jack o'lanterns . he used number0 of them . now he has number1 left .,how many candles did alex have to start with ?
there were number0 kids on the soccer field . number1 kids decided to join in . now how many kids are on the soccer field ?,14 22,+ number0 number1,36.0,"[1, 2, 3, 8, 9, 10, 11, 22, 23, 24]",2,Addition,there were number0 kids on the soccer field . number1 kids decided to join in .,now how many kids are on the soccer field ?
finn has number0 goldfish . number1 of the goldfish die . how many goldfish are left ?,89 32,- number0 number1,57.0,"[1, 2, 3, 5, 6, 13, 14, 15]",2,Subtraction,finn has number0 goldfish . number1 of the goldfish die .,how many goldfish are left ?
jane has number0 old brown sheets of drawing paper and number1 old yellow sheets of drawing paper . how many pieces of drawing paper does she have ?,28 27,+ number0 number1,55.0,"[1, 2, 3, 4, 5, 9, 10, 11, 12, 13, 24, 25, 26]",2,Addition,jane has number0 old brown sheets of drawing paper and number1 old yellow sheets of drawing paper .,how many pieces of drawing paper does she have ?
mikey had number0 leaves . some of her leaves blew away . now she has number1 leaves left . how many of her leaves blew away ?,356 112,- number0 number1,244.0,"[1, 2, 3, 14, 15, 16, 23, 24, 25]",2,Subtraction,mikey had number0 leaves . some of her leaves blew away . now she has number1 leaves left .,how many of her leaves blew away ?
marcus has number0 baseball cards . he has number1 more than carter . how many baseball cards does carter have ?,210 58,- number0 number1,152.0,"[1, 2, 3, 4, 6, 7, 8, 9, 17, 18, 19]",2,Subtraction,marcus has number0 baseball cards . he has number1 more than carter .,how many baseball cards does carter have ?
gavin has number0 shirts . number1 are blue the rest are green . how many green shirts does gavin have ?,23 6,- number0 number1,17.0,"[1, 2, 3, 5, 6, 7, 17, 18, 19]",2,Subtraction,gavin has number0 shirts . number1 are blue the rest are green .,how many green shirts does gavin have ?
ethan has number0 presents . alissa has number1 more than ethan . how many presents does alissa have ?,31 22,+ number0 number1,53.0,"[1, 2, 3, 5, 6, 7, 8, 15, 16, 17]",2,Addition,ethan has number0 presents . alissa has number1 more than ethan .,how many presents does alissa have ?
cindy had number0 pieces of candy . she ate number1 pieces in the morning and number2 more pieces in the afternoon . how many pieces of candy does she have left ?,41 6 12,- - number0 number1 number2,23.0,"[1, 2, 3, 8, 9, 10, 14, 15, 16, 17, 28, 29, 30]",2,TVQ-Final,cindy had number0 pieces of candy . she ate number1 pieces in the morning and number2 more pieces in the afternoon .,how many pieces of candy does she have left ?
