Question,Numbers,Equation,Answer,group_nums,Body,Ques_Statement
"Bryan took a look at his books as well . If Bryan has number0 books in each of his number1 bookshelves , how many books does he have in total ?",56.0 9.0,* number0 number1,504.0,"[12, 13, 14, 18, 19, 20, 27, 28, 29]","Bryan took a look at his books as well . If Bryan has number0 books in each of his number1 bookshelves ,",how many books does he have in total ?
"For the fifth grade play , the chairs have been put into number0 rows with number1 chairs in each row . How many chairs have been put out for the play ?",27.0 16.0,* number0 number1,432.0,"[11, 12, 13, 14, 15, 16, 28, 29, 30]","For the fifth grade play , the chairs have been put into number0 rows with number1 chairs in each row .",How many chairs have been put out for the play ?
There are number0 short trees and number1 tall trees currently in the park . Park workers will plant number2 short trees today . How many short trees will the park have when the workers are finished ?,41.0 44.0 57.0,+ number0 number2,98,"[1, 2, 3, 5, 6, 7, 17, 18, 19, 33, 34, 35]",There are number0 short trees and number1 tall trees currently in the park . Park workers will plant number2 short trees today .,How many short trees will the park have when the workers are finished ?
Conner has number0 dollars in his bank account . Every month he spends number1 dollars . He does not add money to the account . How much money will Conner have in his account after number2 months ?,25000.0 1500.0 8.0,- number0 * number1 number2,13000.0,"[1, 2, 3, 12, 13, 14, 34, 35, 36, 34, 35, 36]",Conner has number0 dollars in his bank account . Every month he spends number1 dollars . He does not add money to the account .,How much money will Conner have in his account after number2 months ?
There are number0 dogwood trees currently in the park . Park workers will plant number1 dogwood trees today . How many dogwood trees will the park have when the workers are finished ?,34.0 49.0,+ number0 number1,83,"[1, 2, 3, 13, 14, 15, 29, 30, 31]",There are number0 dogwood trees currently in the park . Park workers will plant number1 dogwood trees today .,How many dogwood trees will the park have when the workers are finished ?
Maggi had number0 packages of cupcakes . There are number1 cupcakes in each package . She ate number2 cupcakes . How many are left ?,3.0 4.0 5.0,* number0 number1,12.0,"[1, 2, 3, 8, 9, 10, 16, 17, 18, 21, 22, 23]",Maggi had number0 packages of cupcakes . There are number1 cupcakes in each package . She ate number2 cupcakes .,How many are left ?
"You deposit number0 dollars in a savings account that pays an annual interest rate of number1 % . How much simple interest would you earn in number2 years , in dollars ?",70.0 3.0 2.5,* * * number0 number1 number2 0.01,5.25,"[1, 2, 3, 14, 15, 16, 25, 26, 27, 28, 29, 30]",You deposit number0 dollars in a savings account that pays an annual interest rate of number1 % .,"How much simple interest would you earn in number2 years , in dollars ?"
Emily collects number0 cards . Emily 's father gives Emily number1 more . Bruce has number2 apples . How many cards does Emily have ?,63.0 7.0 13.0,+ number0 number1,70.0,"[1, 2, 3, 9, 10, 11, 14, 15, 16, 21, 22, 23]",Emily collects number0 cards . Emily 's father gives Emily number1 more . Bruce has number2 apples .,How many cards does Emily have ?
"A chef needs to cook number0 potatoes . He has already cooked number1 . If each potato takes number2 minutes to cook , how long will it take him to cook the rest ?",15.0 8.0 9.0,* number2 - number0 number1,63.0,"[4, 5, 6, 11, 12, 13, 17, 18, 19, 30, 31, 32]","A chef needs to cook number0 potatoes . He has already cooked number1 . If each potato takes number2 minutes to cook ,",how long will it take him to cook the rest ?
It takes number0 apples to make number1 pie . How many apples does it take to make number2 pies ?,4.0 1.0 504.0,* number0 number2,2016.0,"[1, 2, 3, 5, 6, 7, 16, 17, 18, 16, 17, 18]",It takes number0 apples to make number1 pie .,How many apples does it take to make number2 pies ?
"Isabel baked number0 brownies , but needed number1 total for her party . If she used number2 cups of flour on each one , how much cups of flour does she still need ?",3.0 5.0 5.0,* number1 - number1 number0,10.0,"[1, 2, 3, 6, 7, 8, 15, 16, 17, 30, 31, 32]","Isabel baked number0 brownies , but needed number1 total for her party . If she used number2 cups of flour on each one ,",how much cups of flour does she still need ?
Mary is baking a cake . The recipe calls for number0 cups of flour and number1 cups of sugar . She already put in number2 cups of flour . How many cups of flour does she need to add ?,7.0 3.0 2.0,- number0 number2,5,"[9, 10, 11, 14, 15, 16, 23, 24, 25, 36, 37, 38]",Mary is baking a cake . The recipe calls for number0 cups of flour and number1 cups of sugar . She already put in number2 cups of flour .,How many cups of flour does she need to add ?
Rachel bought two coloring books . One had number0 pictures and the other had number1 . After one week she had already colored number2 of the pictures . How many pictures does she still have to color ?,24.0 39.0 4.0,- + number0 number1 number2,59.0,"[7, 8, 9, 13, 14, 15, 22, 23, 24, 34, 35, 36]",Rachel bought two coloring books . One had number0 pictures and the other had number1 . After one week she had already colored number2 of the pictures .,How many pictures does she still have to color ?
"Sean has number0 apples . Susan gives Sean number1 more . Later , Sean buys number2 tickets at the store . How many apples does Sean have in all ?",9.0 8.0 18.0,+ number0 number1,17.0,"[1, 2, 3, 7, 8, 9, 14, 15, 16, 26, 27, 28]","Sean has number0 apples . Susan gives Sean number1 more . Later , Sean buys number2 tickets at the store .",How many apples does Sean have in all ?
A DVD book holds number0 DVDs . There are number1 DVDs already in the book . How many more DVDs can be put in the book ?,126.0 81.0,- number0 number1,45.0,"[3, 4, 5, 8, 9, 10, 23, 24, 25]",A DVD book holds number0 DVDs . There are number1 DVDs already in the book .,How many more DVDs can be put in the book ?
Amy starts with number0 peanuts . Gerald gives Amy number1 more . How many peanuts does Amy end with ?,7.0 55.0,+ number0 number1,62.0,"[2, 3, 4, 8, 9, 10, 16, 17, 18]",Amy starts with number0 peanuts . Gerald gives Amy number1 more .,How many peanuts does Amy end with ?
"Frank made number0 dollars mowing lawns over the summer . If he spent number1 dollars buying new mower blades , how many number2 dollar games could he buy with the money he had left ?",19.0 11.0 2.0,/ - number0 number1 number2,4.0,"[1, 2, 3, 12, 13, 14, 21, 22, 23, 31, 32, 33]","Frank made number0 dollars mowing lawns over the summer . If he spent number1 dollars buying new mower blades ,",how many number2 dollar games could he buy with the money he had left ?
James has number0 balloons . Amy has number1 balloons . How many more balloons does James have than Amy ?,232.0 101.0,- number0 number1,131.0,"[1, 2, 3, 6, 7, 8, 16, 17, 18]",James has number0 balloons . Amy has number1 balloons .,How many more balloons does James have than Amy ?
Beth has number0 packs of crayons . Each pack has number1 crayons in it . She also has number2 extra crayons . How many crayons does Beth have altogether ?,4.0 10.0 6.0,* number0 number1,40.0,"[1, 2, 3, 9, 10, 11, 17, 18, 19, 26, 27, 28]",Beth has number0 packs of crayons . Each pack has number1 crayons in it . She also has number2 extra crayons .,How many crayons does Beth have altogether ?
"Bianca had number0 coloring books . If she gave away number1 of them , but then bought number2 more , how many would she have total ?",45.0 6.0 20.0,- + number0 number2 number1,59.0,"[1, 2, 3, 9, 10, 11, 16, 17, 18, 23, 24, 25]","Bianca had number0 coloring books . If she gave away number1 of them , but then bought number2 more ,",how many would she have total ?
"A company invited number0 people to a luncheon , but number1 of them did n't show up . If the tables they had held number2 people each , how many tables do they need ?",18.0 12.0 3.0,/ - number0 number1 number2,2.0,"[2, 3, 4, 9, 10, 11, 23, 24, 25, 31, 32, 33]","A company invited number0 people to a luncheon , but number1 of them did n't show up . If the tables they had held number2 people each ,",how many tables do they need ?
"An oil pipe in the sea broke . Before engineers started to fix the pipe , number0 liters of oil leaked into the water . While the engineers worked , the pipe leaked number1 liters of oil . In all , how many liters of oil leaked into the water ?",6522.0 5165.0,+ number0 number1,11687.0,"[15, 16, 17, 32, 33, 34, 47, 48, 49]","An oil pipe in the sea broke . Before engineers started to fix the pipe , number0 liters of oil leaked into the water . While the engineers worked , the pipe leaked number1 liters of oil . In all ,",how many liters of oil leaked into the water ?
Sara has saved number0 quarters from washing cars . How many cents does Sara have ?,11.0,* number0 25.0,275.0,"[2, 3, 4, 14, 15, 16]",Sara has saved number0 quarters from washing cars .,How many cents does Sara have ?
"A construction company ordered number0 ton of concrete , number1 ton of bricks , and number2 ton of stone . How many tons of material did the company order in all ?",0.16666666666666666 0.16666666666666666 0.5,+ + number0 number0 number2,0.8333333333333334,"[3, 4, 5, 8, 9, 10, 14, 15, 16, 28, 29, 30]","A construction company ordered number0 ton of concrete , number1 ton of bricks , and number2 ton of stone .",How many tons of material did the company order in all ?
"Jessica grew number0 watermelons and number1 carrots , but the rabbits ate number2 watermelons . How many watermelons does Jessica have ?",35.0 30.0 27.0,- number0 number2,8,"[1, 2, 3, 4, 5, 6, 11, 12, 13, 18, 19, 20]","Jessica grew number0 watermelons and number1 carrots , but the rabbits ate number2 watermelons .",How many watermelons does Jessica have ?
"Jazmin had number0 dolls and Geraldine had number1 dolls . If they put their dolls together , how many would they have ?",1209.0 2186.0,+ number0 number1,3395.0,"[1, 2, 3, 6, 7, 8, 19, 20, 21]","Jazmin had number0 dolls and Geraldine had number1 dolls . If they put their dolls together ,",how many would they have ?
"Jerry was helping the cafeteria workers pick up lunch trays , but he could only carry number0 trays at a time . If he had to pick up number1 trays from one table and number2 trays from another , how many trips will he make ?",8.0 9.0 7.0,/ + number1 number2 number0,2.0,"[15, 16, 17, 27, 28, 29, 33, 34, 35, 42, 43, 44]","Jerry was helping the cafeteria workers pick up lunch trays , but he could only carry number0 trays at a time . If he had to pick up number1 trays from one table and number2 trays from another ,",how many trips will he make ?
Mrs. Hilt measured the distance from her desk to the water fountain . It was number0 feet . How many feet will Mrs. Hilt walk on her trips to the fountain if she goes to the water fountain number1 times today ?,30.0 4.0,* number0 number1,120.0,"[14, 15, 16, 37, 38, 39, 38, 39, 40]",Mrs. Hilt measured the distance from her desk to the water fountain . It was number0 feet .,How many feet will Mrs. Hilt walk on her trips to the fountain if she goes to the water fountain number1 times today ?
"Last year , number0 people were born in a country , and number1 people immigrated to it . How many new people began living in the country last year ?",90171.0 16320.0,+ number0 number1,106491.0,"[2, 3, 4, 11, 12, 13, 26, 27, 28]","Last year , number0 people were born in a country , and number1 people immigrated to it .",How many new people began living in the country last year ?
Christine wandered number0 miles at number1 miles per hour . How long did Christine wander ?,20.0 4.0,/ number0 number1,5.0,"[1, 2, 3, 4, 5, 6, 12, 13, 14]",Christine wandered number0 miles at number1 miles per hour .,How long did Christine wander ?
Emily was planting vegetables in her garden . She started with number0 seeds and planted number1 of them in the big garden and in each of her small gardens put number2 seeds each . How many small gardens did Emily have ?,42.0 36.0 2.0,/ - number0 number1 number2,3.0,"[10, 11, 12, 14, 15, 16, 29, 30, 31, 38, 39, 40]",Emily was planting vegetables in her garden . She started with number0 seeds and planted number1 of them in the big garden and in each of her small gardens put number2 seeds each .,How many small gardens did Emily have ?
"Dana earns $ number0 per hour . She worked number1 hours on Friday , number2 hours on Saturday , and number3 hours on Sunday . How much money did Dana earn in all ?",13.0 9.0 10.0 3.0,* number0 + + number1 number2 number3,286.0,"[2, 3, 4, 8, 9, 10, 13, 14, 15, 19, 20, 21, 30, 31, 32]","Dana earns $ number0 per hour . She worked number1 hours on Friday , number2 hours on Saturday , and number3 hours on Sunday .",How much money did Dana earn in all ?
"Nancy picked number0 carrots from her garden . If she threw out number1 of them and then picked number2 more the next day , how many carrots would she have total ?",12.0 2.0 21.0,- + number0 number2 number1,31.0,"[1, 2, 3, 11, 12, 13, 17, 18, 19, 28, 29, 30]","Nancy picked number0 carrots from her garden . If she threw out number1 of them and then picked number2 more the next day ,",how many carrots would she have total ?
"My dog had some bones . Then , he dug up number0 bones . Now he has number1 bones . How many bones did he start with ?",367.0 860.0,- number1 number0,493.0,"[10, 11, 12, 16, 17, 18, 24, 25, 26]","My dog had some bones . Then , he dug up number0 bones . Now he has number1 bones .",How many bones did he start with ?
"There are number0 gallons of water in Becky 's fish tank . If Becky adds number1 gallons more , how many gallons will there be in all ?",7.75 7.0,+ number0 number1,14.75,"[1, 2, 3, 14, 15, 16, 24, 25, 26]","There are number0 gallons of water in Becky 's fish tank . If Becky adds number1 gallons more ,",how many gallons will there be in all ?
"While playing a trivia game , Adam answered number0 questions correct in the first half and number1 questions correct in the second half . If each question was worth number2 points , what was his final score ?",5.0 5.0 5.0,* number0 + number0 number0,50.0,"[7, 8, 9, 15, 16, 17, 28, 29, 30, 34, 35, 36]","While playing a trivia game , Adam answered number0 questions correct in the first half and number1 questions correct in the second half . If each question was worth number2 points ,",what was his final score ?
"Haley and her friends were recycling paper for their class . For every number0 pounds they recycled they earned one point . If Haley recycled number1 pounds and her friends recycled number2 pounds , how many points did they earn ?",3.0 11.0 16.0,/ + number1 number2 number0,9.0,"[12, 13, 14, 24, 25, 26, 30, 31, 32, 37, 38, 39]","Haley and her friends were recycling paper for their class . For every number0 pounds they recycled they earned one point . If Haley recycled number1 pounds and her friends recycled number2 pounds ,",how many points did they earn ?
Mike had number0 peaches at his roadside fruit dish . He went to the orchard and picked peaches to stock up . There are now number1 peaches . how many did he pick ?,34.0 86.0,- number1 number0,52,"[1, 2, 3, 24, 25, 26, 30, 31, 32]",Mike had number0 peaches at his roadside fruit dish . He went to the orchard and picked peaches to stock up . There are now number1 peaches .,how many did he pick ?
Paige was unboxing some of her old winter clothes . She found number0 boxes of clothing and inside each box there were number1 scarves and number2 mittens . How many pieces of winter clothing did Paige have total ?,6.0 5.0 5.0,* number0 + number1 number1,60.0,"[11, 12, 13, 21, 22, 23, 24, 25, 26, 35, 36, 37]",Paige was unboxing some of her old winter clothes . She found number0 boxes of clothing and inside each box there were number1 scarves and number2 mittens .,How many pieces of winter clothing did Paige have total ?
Sally saw number0 dozen birds in a tree . How many birds did Sally see ?,1.0,* number0 12.0,12.0,"[1, 2, 3, 12, 13, 14]",Sally saw number0 dozen birds in a tree .,How many birds did Sally see ?
"A waiter had number0 customers in his section . If number1 of them left and the rest of his tables had number2 people at each table , how many tables did he have ?",21.0 12.0 3.0,/ - number0 number1 number2,3.0,"[2, 3, 4, 9, 10, 11, 20, 21, 22, 30, 31, 32]","A waiter had number0 customers in his section . If number1 of them left and the rest of his tables had number2 people at each table ,",how many tables did he have ?
Todd has some gum . Steve gave him number0 more pieces of gum . Now Todd has number1 pieces of gum . How many pieces did Todd have to start with ?,16.0 54.0,- number1 number0,38.0,"[7, 8, 9, 16, 17, 18, 30, 31, 32]",Todd has some gum . Steve gave him number0 more pieces of gum . Now Todd has number1 pieces of gum .,How many pieces did Todd have to start with ?
"Mike made number0 dollars mowing lawns over the summer . If he spent number1 dollars buying new mower blades , how many number2 dollar games could he buy with the money he had left ?",69.0 24.0 5.0,/ - number0 number1 number2,9.0,"[1, 2, 3, 12, 13, 14, 21, 22, 23, 31, 32, 33]","Mike made number0 dollars mowing lawns over the summer . If he spent number1 dollars buying new mower blades ,",how many number2 dollar games could he buy with the money he had left ?
"Gwen was organizing her book case making sure each of the shelves had exactly number0 books on it . If she had number1 shelves of mystery books and number2 shelves of picture books , how many books did she have total ?",4.0 5.0 3.0,* number0 + number1 number2,32.0,"[13, 14, 15, 21, 22, 23, 27, 28, 29, 38, 39, 40]","Gwen was organizing her book case making sure each of the shelves had exactly number0 books on it . If she had number1 shelves of mystery books and number2 shelves of picture books ,",how many books did she have total ?
"Paul had saved up number0 dollars . If he received another number1 dollars for his allowance , how many number2 dollar toys could he buy ?",4.0 11.0 5.0,/ + number0 number1 number2,3.0,"[3, 4, 5, 10, 11, 12, 18, 19, 20, 22, 23, 24]","Paul had saved up number0 dollars . If he received another number1 dollars for his allowance ,",how many number2 dollar toys could he buy ?
Mary starts with number0 eggs . She finds another number1 . How many eggs does Mary end with ?,27.0 4.0,+ number0 number1,31.0,"[2, 3, 4, 8, 9, 10, 15, 16, 17]",Mary starts with number0 eggs . She finds another number1 .,How many eggs does Mary end with ?
"Brandy made trail mix for a backpacking trip . She used number0 pound of peanuts , number1 pound of chocolate chips , and number2 pound of raisins . How many pounds of trail mix did Brandy make ?",0.16666666666666666 0.16666666666666666 0.08333333333333333,+ + number0 number0 number2,0.4166666666666667,"[10, 11, 12, 15, 16, 17, 22, 23, 24, 34, 35, 36]","Brandy made trail mix for a backpacking trip . She used number0 pound of peanuts , number1 pound of chocolate chips , and number2 pound of raisins .",How many pounds of trail mix did Brandy make ?
Bridget weighs number0 pounds . Martha weighs number1 pounds . How much heavier is Bridget than Martha ?,39.0 2.0,- number0 number1,37.0,"[1, 2, 3, 6, 7, 8, 14, 15, 16]",Bridget weighs number0 pounds . Martha weighs number1 pounds .,How much heavier is Bridget than Martha ?
For Halloween Bianca received number0 pieces of candy . She ate number1 pieces then placed the rest into piles with number2 in each pile . How many piles could she make ?,78.0 30.0 8.0,/ - number0 number1 number2,6.0,"[3, 4, 5, 10, 11, 12, 19, 20, 21, 28, 29, 30]",For Halloween Bianca received number0 pieces of candy . She ate number1 pieces then placed the rest into piles with number2 in each pile .,How many piles could she make ?
There are number0 pencils in the drawer . Sara placed number1 pencils in the drawer . How many pencils are now there in all ?,115.0 100.0,+ number0 number1,215,"[1, 2, 3, 9, 10, 11, 21, 22, 23]",There are number0 pencils in the drawer . Sara placed number1 pencils in the drawer .,How many pencils are now there in all ?
"While playing at the arcade , Luke won number0 tickets playing ' whack a mole ' and number1 tickets playing ' skee ball ' . If he was trying to buy candy that cost number2 tickets a piece , how many could he buy ?",2.0 13.0 3.0,/ + number0 number1 number2,5.0,"[7, 8, 9, 16, 17, 18, 33, 34, 35, 41, 42, 43]","While playing at the arcade , Luke won number0 tickets playing ' whack a mole ' and number1 tickets playing ' skee ball ' . If he was trying to buy candy that cost number2 tickets a piece ,",how many could he buy ?
A multi - national corporation has number0 part - time employees and number1 full - time employees . How many employees work for the corporation ?,2041.0 63093.0,+ number0 number1,65134.0,"[5, 6, 7, 11, 12, 13, 22, 23, 24]",A multi - national corporation has number0 part - time employees and number1 full - time employees .,How many employees work for the corporation ?
A box of books weighs number0 pounds . Each book weighs number1 pounds . How many books are there in the box ?,42.0 3.0,/ number0 number1,14.0,"[4, 5, 6, 10, 11, 12, 19, 20, 21]",A box of books weighs number0 pounds . Each book weighs number1 pounds .,How many books are there in the box ?
You have number0 balloons and your friend has number1 balloons . How many more balloons do you have than your friend ?,7.0 5.0,- number0 number1,2.0,"[1, 2, 3, 7, 8, 9, 20, 21, 22]",You have number0 balloons and your friend has number1 balloons .,How many more balloons do you have than your friend ?
"At lunch a waiter had number0 customers and number1 of them did n't leave a tip . If he got $ number2 each from the ones who did tip , how much money did he earn ?",10.0 5.0 3.0,* number2 - number0 number1,15.0,"[4, 5, 6, 7, 8, 9, 20, 21, 22, 33, 34, 35]","At lunch a waiter had number0 customers and number1 of them did n't leave a tip . If he got $ number2 each from the ones who did tip ,",how much money did he earn ?
"There are number0 students trying out for the school 's trivia teams . If number1 of them did n't get picked for the team and the rest were put into number2 groups , how many students would be in each group ?",17.0 5.0 3.0,/ - number0 number1 number2,4.0,"[1, 2, 3, 13, 14, 15, 29, 30, 31, 38, 39, 40]","There are number0 students trying out for the school 's trivia teams . If number1 of them did n't get picked for the team and the rest were put into number2 groups ,",how many students would be in each group ?
"An oil pipe in the sea broke . Before engineers started to fix the pipe , number0 gallons of oil leaked into the water . A total of number1 gallons of oil leaked before the pipe was fixed . How many gallons of oil leaked while the engineers were fixing the pipe ?",2475.0 6206.0,- number1 number0,3731.0,"[15, 16, 17, 27, 28, 29, 49, 50, 51]","An oil pipe in the sea broke . Before engineers started to fix the pipe , number0 gallons of oil leaked into the water . A total of number1 gallons of oil leaked before the pipe was fixed .",How many gallons of oil leaked while the engineers were fixing the pipe ?
"If Benjamin skated number0 kilometers at number1 kilometers per hour , how long was Benjamin skating ?",80.0 10.0,/ number0 number1,8.0,"[2, 3, 4, 5, 6, 7, 13, 14, 15]","If Benjamin skated number0 kilometers at number1 kilometers per hour ,",how long was Benjamin skating ?
A pet store had number0 puppies . In one day they sold number1 of them and put the rest into cages with number2 in each cage . How many cages did they use ?,88.0 34.0 6.0,/ - number0 number1 number2,9.0,"[3, 4, 5, 11, 12, 13, 21, 22, 23, 30, 31, 32]",A pet store had number0 puppies . In one day they sold number1 of them and put the rest into cages with number2 in each cage .,How many cages did they use ?
"Dave bought number0 boxes of chocolate candy and gave number1 to his little brother . If each box has number2 pieces inside it , how many pieces did Dave still have ?",12.0 5.0 3.0,* number2 - number0 number1,21.0,"[1, 2, 3, 8, 9, 10, 18, 19, 20, 28, 29, 30]","Dave bought number0 boxes of chocolate candy and gave number1 to his little brother . If each box has number2 pieces inside it ,",how many pieces did Dave still have ?
"Mike found number0 seashells and number1 starfish , but number2 of the seashells were broken . How many unbroken seashells did Mike find ?",6.0 4.0 4.0,- number0 number1,2,"[1, 2, 3, 4, 5, 6, 8, 9, 10, 20, 21, 22]","Mike found number0 seashells and number1 starfish , but number2 of the seashells were broken .",How many unbroken seashells did Mike find ?
"There are number0 students trying out for the school 's trivia teams . If number1 of them did n't get picked for the team and the rest were put into number2 groups , how many students would be in each group ?",64.0 36.0 4.0,/ - number0 number1 number2,7.0,"[1, 2, 3, 13, 14, 15, 29, 30, 31, 38, 39, 40]","There are number0 students trying out for the school 's trivia teams . If number1 of them did n't get picked for the team and the rest were put into number2 groups ,",how many students would be in each group ?
Mrs. Hilt bought number0 pizzas for $ number1 each . What was the total amount she paid for the three pizzas ?,3.0 8.0,* number0 number1,24.0,"[2, 3, 4, 6, 7, 8, 18, 19, 20]",Mrs. Hilt bought number0 pizzas for $ number1 each .,What was the total amount she paid for the three pizzas ?
"The school cafeteria ordered number0 red apples and number1 green apples for students lunches . But , if only number2 students wanted fruit , how many extra did the cafeteria end up with ?",43.0 32.0 2.0,- + number0 number1 number2,73.0,"[3, 4, 5, 7, 8, 9, 18, 19, 20, 30, 31, 32]","The school cafeteria ordered number0 red apples and number1 green apples for students lunches . But , if only number2 students wanted fruit ,",how many extra did the cafeteria end up with ?
"There were number0 girls and number1 boys trying out for the schools basketball team . If only number2 of them got called back , how many students did n't make the cut ?",39.0 4.0 26.0,- + number0 number1 number2,17.0,"[1, 2, 3, 4, 5, 6, 16, 17, 18, 29, 30, 31]","There were number0 girls and number1 boys trying out for the schools basketball team . If only number2 of them got called back ,",how many students did n't make the cut ?
Each ticket costs $ number0 . How much do number1 tickets cost ?,9.0 4.0,* number0 number1,36.0,"[3, 4, 5, 8, 9, 10, 9, 10, 11]",Each ticket costs $ number0 .,How much do number1 tickets cost ?
"Recently , the value of Kate 's retirement fund decreased by $ number0 . If her fund was worth $ number1 before , how much is it worth now ?",12.0 1472.0,- number1 number0,1460.0,"[11, 12, 13, 19, 20, 21, 26, 27, 28]","Recently , the value of Kate 's retirement fund decreased by $ number0 . If her fund was worth $ number1 before ,",how much is it worth now ?
A sandbox is number0 centimeters long and number1 centimeters wide . How many square centimeters of ground does the sandbox cover ?,312.0 146.0,* number0 number1,45552.0,"[2, 3, 4, 6, 7, 8, 18, 19, 20]",A sandbox is number0 centimeters long and number1 centimeters wide .,How many square centimeters of ground does the sandbox cover ?
"A pet store has number0 bird cages . If each cage has number1 parrots and number2 parakeets in it , how many birds does the pet store have total ?",9.0 2.0 6.0,* number0 + number1 number2,72.0,"[3, 4, 5, 11, 12, 13, 14, 15, 16, 26, 27, 28]","A pet store has number0 bird cages . If each cage has number1 parrots and number2 parakeets in it ,",how many birds does the pet store have total ?
Mrs. Hilt bought an ice cream cone for number0 cents . How much would number1 ice cream cones cost ?,99.0 2.0,* number0 number1,198.0,"[7, 8, 9, 13, 14, 15, 16, 17, 18]",Mrs. Hilt bought an ice cream cone for number0 cents .,How much would number1 ice cream cones cost ?
Sally has number0 blue balloons . Fred has number1 times more blue balloons than Sally . How many blue balloons does Fred have now ?,6.0 3.0,* number0 number1,18.0,"[1, 2, 3, 7, 8, 9, 23, 24, 25]",Sally has number0 blue balloons . Fred has number1 times more blue balloons than Sally .,How many blue balloons does Fred have now ?
"If Joan bicycled number0 miles at number1 miles per hour , how long was Joan travelling ?",25.0 5.0,/ number0 number1,5.0,"[2, 3, 4, 5, 6, 7, 13, 14, 15]","If Joan bicycled number0 miles at number1 miles per hour ,",how long was Joan travelling ?
"Each child has number0 bottle caps . If there are number1 children , how many bottle caps are there in total ?",5.0 9.0,* number0 number1,45.0,"[2, 3, 4, 9, 10, 11, 18, 19, 20]","Each child has number0 bottle caps . If there are number1 children ,",how many bottle caps are there in total ?
Jesse ’ s room is number0 feet long and number1 feet wide . How much carpet does she need to cover the whole floor ?,12.0 8.0,* number0 number1,96.0,"[3, 4, 5, 7, 8, 9, 20, 21, 22]",Jesse ’ s room is number0 feet long and number1 feet wide .,How much carpet does she need to cover the whole floor ?
There are number0 cupcakes for number1 children to share . How much will each person get if they share the cupcakes equally ?,96.0 8.0,/ number0 number1,12.0,"[1, 2, 3, 4, 5, 6, 19, 20, 21]",There are number0 cupcakes for number1 children to share .,How much will each person get if they share the cupcakes equally ?
Nancy has number0 black balloons . Mary has number1 times more black balloons than Nancy . How many black balloons does Mary have now ?,7.0 4.0,* number0 number1,28.0,"[1, 2, 3, 7, 8, 9, 23, 24, 25]",Nancy has number0 black balloons . Mary has number1 times more black balloons than Nancy .,How many black balloons does Mary have now ?
"The junior ranger asked Christian to help him place number0 seedlings in packets . If every packet needs to contain number1 seeds , how many packets do they need ?",420.0 7.0,/ number0 number1,60.0,"[8, 9, 10, 19, 20, 21, 26, 27, 28]","The junior ranger asked Christian to help him place number0 seedlings in packets . If every packet needs to contain number1 seeds ,",how many packets do they need ?
"A pet store has number0 bird cages . If each cage has number1 parrots and number2 parakeets in it , how many birds does the pet store have total ?",6.0 6.0 2.0,* number0 + number0 number2,48.0,"[3, 4, 5, 11, 12, 13, 14, 15, 16, 26, 27, 28]","A pet store has number0 bird cages . If each cage has number1 parrots and number2 parakeets in it ,",how many birds does the pet store have total ?
For Halloween Haley scored number0 pieces of candy . She ate number1 pieces the first night and then her sister gave her number2 more pieces . How many pieces of candy does Haley have now ?,33.0 17.0 19.0,- + number0 number2 number1,35.0,"[3, 4, 5, 10, 11, 12, 21, 22, 23, 32, 33, 34]",For Halloween Haley scored number0 pieces of candy . She ate number1 pieces the first night and then her sister gave her number2 more pieces .,How many pieces of candy does Haley have now ?
"There were originally number0 houses in Lincoln County . During a housing boom , developers built number1 . How many houses are there now in Lincoln County ?",20817.0 97741.0,+ number0 number1,118558.0,"[2, 3, 4, 15, 16, 17, 24, 25, 26]","There were originally number0 houses in Lincoln County . During a housing boom , developers built number1 .",How many houses are there now in Lincoln County ?
The Hawks scored number0 touchdowns worth number1 points each . How many points do they have ?,3.0 7.0,* number0 number1,21.0,"[2, 3, 4, 5, 6, 7, 13, 14, 15]",The Hawks scored number0 touchdowns worth number1 points each .,How many points do they have ?
Sara picked number0 pears and Tim picked number1 pears from the pear tree . How many pears were picked in total ?,6.0 5.0,+ number0 number1,11.0,"[1, 2, 3, 6, 7, 8, 18, 19, 20]",Sara picked number0 pears and Tim picked number1 pears from the pear tree .,How many pears were picked in total ?
"Soft drinks are on sale at the grocery store for number0 dollars for a number1 pack . How much would each can of soft drink cost if purchased individually , in dollars ?",2.99 12.0,/ number0 number1,0.25,"[9, 10, 11, 13, 14, 15, 29, 30, 31]",Soft drinks are on sale at the grocery store for number0 dollars for a number1 pack .,"How much would each can of soft drink cost if purchased individually , in dollars ?"
"Paige had number0 math problems and number1 science problems for homework . If she finished number2 of the problems at school , how many problems did she have to do for homework ?",43.0 12.0 44.0,- + number0 number1 number2,11.0,"[1, 2, 3, 5, 6, 7, 14, 15, 16, 29, 30, 31]","Paige had number0 math problems and number1 science problems for homework . If she finished number2 of the problems at school ,",how many problems did she have to do for homework ?
"The school cafeteria ordered number0 red apples and number1 green apples for students lunches . But , if only number2 students wanted fruit , how many extra did the cafeteria end up with ?",25.0 17.0 10.0,- + number0 number1 number2,32.0,"[3, 4, 5, 7, 8, 9, 18, 19, 20, 30, 31, 32]","The school cafeteria ordered number0 red apples and number1 green apples for students lunches . But , if only number2 students wanted fruit ,",how many extra did the cafeteria end up with ?
Mandy made an apple pie . She used number0 tablespoon of cinnamon and number1 tablespoon of nutmeg . How much more cinnamon than nutmeg did Mandy use ?,0.6666666666666666 0.5,- number0 number1,0.16666666666666666,"[7, 8, 9, 12, 13, 14, 24, 25, 26]",Mandy made an apple pie . She used number0 tablespoon of cinnamon and number1 tablespoon of nutmeg .,How much more cinnamon than nutmeg did Mandy use ?
"Bridget has number0 Skittles . Henry has number1 Skittles . If Henry gives all of his Skittles to Bridget , how many Skittles will Bridget have ?",4.0 4.0,+ number0 number0,8.0,"[1, 2, 3, 6, 7, 8, 23, 24, 25]","Bridget has number0 Skittles . Henry has number1 Skittles . If Henry gives all of his Skittles to Bridget ,",how many Skittles will Bridget have ?
"A textbook costs a bookstore number0 dollars , and the store sells it for number1 dollars . Find the amount of profit based on the selling price .",44.0 55.0,- number1 number0,11.0,"[4, 5, 6, 13, 14, 15, 24, 25, 26]","A textbook costs a bookstore number0 dollars , and the store sells it for number1 dollars .",Find the amount of profit based on the selling price .
"Each child has number0 bottle caps . If there are number1 children , how many bottle caps are there in total ?",5.0 9.0,* number0 number1,45.0,"[2, 3, 4, 9, 10, 11, 18, 19, 20]","Each child has number0 bottle caps . If there are number1 children ,",how many bottle caps are there in total ?
"While playing a trivia game , Mike answered number0 questions correct in the first half and number1 questions correct in the second half . If each question was worth number2 points , what was his final score ?",3.0 5.0 3.0,* number0 + number0 number1,24.0,"[7, 8, 9, 15, 16, 17, 28, 29, 30, 34, 35, 36]","While playing a trivia game , Mike answered number0 questions correct in the first half and number1 questions correct in the second half . If each question was worth number2 points ,",what was his final score ?
"At Mrs. Hilt 's house , there was number0 inches of snow , and Brecknock Elementary School received number1 inches of snow . How much more snow did Mrs. Hilt 's house have ?",29.0 17.0,- number0 number1,12.0,"[7, 8, 9, 17, 18, 19, 32, 33, 34]","At Mrs. Hilt 's house , there was number0 inches of snow , and Brecknock Elementary School received number1 inches of snow .",How much more snow did Mrs. Hilt 's house have ?
At a company picnic number0 managers and number1 employees decided to start a game of volleyball . If they split into number2 teams how many people would be on each team ?,9.0 15.0 8.0,/ + number0 number1 number2,3.0,"[3, 4, 5, 6, 7, 8, 20, 21, 22, 28, 29, 30]",At a company picnic number0 managers and number1 employees decided to start a game of volleyball . If they split into number2 teams,how many people would be on each team ?
"There were number0 friends playing a video game online when number1 more players joined the game . If each player had number2 lives , how many lives did they have total ?",7.0 2.0 7.0,* number0 + number0 number1,63.0,"[1, 2, 3, 9, 10, 11, 20, 21, 22, 28, 29, 30]","There were number0 friends playing a video game online when number1 more players joined the game . If each player had number2 lives ,",how many lives did they have total ?
Anna starts with number0 candies . She gets number1 more from Larry . How many candies does Anna end with ?,5.0 86.0,+ number0 number1,91.0,"[2, 3, 4, 7, 8, 9, 17, 18, 19]",Anna starts with number0 candies . She gets number1 more from Larry .,How many candies does Anna end with ?
"A worksheet had number0 problems on it . If a teacher had number1 worksheets to grade and had already graded number2 of them , how many more problems does she have to grade ?",4.0 9.0 5.0,* number0 - number1 number2,16.0,"[2, 3, 4, 11, 12, 13, 19, 20, 21, 30, 31, 32]","A worksheet had number0 problems on it . If a teacher had number1 worksheets to grade and had already graded number2 of them ,",how many more problems does she have to grade ?
Mrs. Hilt saw number0 bees in the hive . The next day she saw number1 times that many . How many bees did she see on the second day ?,144.0 3.0,* number0 number1,432.0,"[2, 3, 4, 13, 14, 15, 26, 27, 28]",Mrs. Hilt saw number0 bees in the hive . The next day she saw number1 times that many .,How many bees did she see on the second day ?
"Fred has number0 red balloons , Sam has number1 red balloons , and Dan has number2 red balloons . The balloons cost number3 dollars . How many red balloons do they have in all ?",10.0 46.0 16.0 10.0,+ + number0 number1 number2,72,"[1, 2, 3, 7, 8, 9, 14, 15, 16, 21, 22, 23, 31, 32, 33]","Fred has number0 red balloons , Sam has number1 red balloons , and Dan has number2 red balloons . The balloons cost number3 dollars .",How many red balloons do they have in all ?
Evelyn starts with number0 Skittles . She shares number1 with Christine . How many Skittles does Evelyn end with ?,76.0 72.0,- number0 number1,4.0,"[2, 3, 4, 7, 8, 9, 16, 17, 18]",Evelyn starts with number0 Skittles . She shares number1 with Christine .,How many Skittles does Evelyn end with ?
A carpenter bought a piece of wood that was number0 centimeters long . Then he sawed number1 centimeters off the end . How long is the piece of wood now ?,8.9 2.3,- number0 number1,6.6,"[8, 9, 10, 15, 16, 17, 27, 28, 29]",A carpenter bought a piece of wood that was number0 centimeters long . Then he sawed number1 centimeters off the end .,How long is the piece of wood now ?
A store had number0 oranges in a bin . If they threw away number1 of the old ones and put number2 new ones in the bin how many would be in the bin ?,34.0 20.0 13.0,- + number0 number2 number1,27.0,"[2, 3, 4, 12, 13, 14, 19, 20, 21, 30, 31, 32]",A store had number0 oranges in a bin . If they threw away number1 of the old ones and put number2 new ones in the bin,how many would be in the bin ?
Tim has number0 books . Mike has number1 books . How many books do they have together ?,22.0 20.0,+ number0 number1,42.0,"[1, 2, 3, 6, 7, 8, 16, 17, 18]",Tim has number0 books . Mike has number1 books .,How many books do they have together ?
Melanie had number0 dimes in her bank . Her dad gave her number1 dimes and her mother gave her number2 dimes . How many dimes does Melanie have now ?,7.0 8.0 4.0,+ + number0 number1 number2,19,"[1, 2, 3, 11, 12, 13, 18, 19, 20, 26, 27, 28]",Melanie had number0 dimes in her bank . Her dad gave her number1 dimes and her mother gave her number2 dimes .,How many dimes does Melanie have now ?
A car traveled number0 kilometers in number1 hours . What was its average speed ?,715.0 11.0,/ number0 number1,65.0,"[2, 3, 4, 5, 6, 7, 11, 12, 13]",A car traveled number0 kilometers in number1 hours .,What was its average speed ?
There are number0 dogwood trees currently in the park . Park workers will plant number1 dogwood trees today and number2 dogwood trees tomorrow . How many dogwood trees will the park have when the workers are finished ?,7.0 3.0 2.0,+ + number0 number1 number2,12,"[1, 2, 3, 13, 14, 15, 18, 19, 20, 34, 35, 36]",There are number0 dogwood trees currently in the park . Park workers will plant number1 dogwood trees today and number2 dogwood trees tomorrow .,How many dogwood trees will the park have when the workers are finished ?
There are number0 bottle caps in each box . How many bottle caps are in number1 boxes ?,9.0 6.0,* number0 number1,54.0,"[1, 2, 3, 14, 15, 16, 14, 15, 16]",There are number0 bottle caps in each box .,How many bottle caps are in number1 boxes ?
"Gwen was organizing her book case making sure each of the shelves had exactly number0 books on it . If she had number1 shelves of mystery books and number2 shelves of picture books , how many books did she have total ?",9.0 3.0 5.0,* number0 + number1 number2,72.0,"[13, 14, 15, 21, 22, 23, 27, 28, 29, 38, 39, 40]","Gwen was organizing her book case making sure each of the shelves had exactly number0 books on it . If she had number1 shelves of mystery books and number2 shelves of picture books ,",how many books did she have total ?
"Megan was organizing her book case making sure each of the shelves had exactly number0 books on it . If she had number1 shelves of mystery books and number2 shelves of picture books , how many books did she have total ?",7.0 8.0 2.0,* number0 + number1 number2,70.0,"[13, 14, 15, 21, 22, 23, 27, 28, 29, 38, 39, 40]","Megan was organizing her book case making sure each of the shelves had exactly number0 books on it . If she had number1 shelves of mystery books and number2 shelves of picture books ,",how many books did she have total ?
"Karen added number0 cup of walnuts to a batch of trail mix . Later , she added number1 cup of almonds . How many cups of nuts did Karen put in the trail mix in all ?",0.25 0.25,+ number0 number0,0.5,"[1, 2, 3, 16, 17, 18, 33, 34, 35]","Karen added number0 cup of walnuts to a batch of trail mix . Later , she added number1 cup of almonds .",How many cups of nuts did Karen put in the trail mix in all ?
There are number0 scissors and number1 pencils in the drawer . Dan placed number2 scissors in the drawer . How many scissors are now there in total ?,39.0 22.0 13.0,+ number0 number2,52,"[1, 2, 3, 4, 5, 6, 12, 13, 14, 24, 25, 26]",There are number0 scissors and number1 pencils in the drawer . Dan placed number2 scissors in the drawer .,How many scissors are now there in total ?
Sara goes fishing with Melanie . Sara catches number0 trout . Melanie catches number1 times as many trout as Sara . How many trout did Melanie catch ?,5.0 2.0,* number0 number1,10.0,"[7, 8, 9, 12, 13, 14, 24, 25, 26]",Sara goes fishing with Melanie . Sara catches number0 trout . Melanie catches number1 times as many trout as Sara .,How many trout did Melanie catch ?
Cade had number0 marbles . He gave number1 to Dylan . How many does he have left ?,87.0 8.0,- number0 number1,79.0,"[1, 2, 3, 6, 7, 8, 14, 15, 16]",Cade had number0 marbles . He gave number1 to Dylan .,How many does he have left ?
"Karin 's science class weighed plastic rings for an experiment . They found that the orange ring weighed number0 ounce , the purple ring weighed number1 ounce , and the white ring weighed number2 ounce . What was the total weight of the plastic rings ?",0.08333333333333333 0.3333333333333333 0.4166666666666667,+ + number0 number1 number2,0.8333333333333334,"[17, 18, 19, 24, 25, 26, 32, 33, 34, 42, 43, 44]","Karin 's science class weighed plastic rings for an experiment . They found that the orange ring weighed number0 ounce , the purple ring weighed number1 ounce , and the white ring weighed number2 ounce .",What was the total weight of the plastic rings ?
A group of number0 friends went into a restaurant . The chef already had number1 chicken wings cooked but cooked number2 more for the group . If they each got the same amount how many would each person get ?,3.0 8.0 10.0,/ + number1 number2 number0,6.0,"[2, 3, 4, 13, 14, 15, 19, 20, 21, 36, 37, 38]",A group of number0 friends went into a restaurant . The chef already had number1 chicken wings cooked but cooked number2 more for the group . If they each got the same amount,how many would each person get ?
Lucy has number0 fish . How many more fish does she need to buy to have number1 fish ?,212.0 280.0,- number1 number0,68.0,"[1, 2, 3, 15, 16, 17, 15, 16, 17]",Lucy has number0 fish .,How many more fish does she need to buy to have number1 fish ?
There are number0 bananas in a pile on the desk . Each banana comes in a package of number1 . number2 bananas are added to the pile . How many bananas are there in the pile ?,2.0 13.0 7.0,+ number0 number2,9.0,"[1, 2, 3, 17, 18, 19, 19, 20, 21, 33, 34, 35]",There are number0 bananas in a pile on the desk . Each banana comes in a package of number1 . number2 bananas are added to the pile .,How many bananas are there in the pile ?
"Terrell hiked number0 miles on Saturday . Then , on Sunday , he hiked another number1 miles . How far did Terrell hike all together ?",8.2 1.6,+ number0 number1,9.8,"[1, 2, 3, 14, 15, 16, 22, 23, 24]","Terrell hiked number0 miles on Saturday . Then , on Sunday , he hiked another number1 miles .",How far did Terrell hike all together ?
"Allyson plays for the cook county regional football league which has number0 teams . During a season , each team plays the other team number1 twice , once at home and one away . How many total games are played in one season ?",10.0 2.0,/ * * number0 - number0 1.0 number1 number1,90.0,"[10, 11, 12, 23, 24, 25, 40, 41, 42]","Allyson plays for the cook county regional football league which has number0 teams . During a season , each team plays the other team number1 twice , once at home and one away .",How many total games are played in one season ?
Larry starts with number0 cards . number1 are eaten by a hippopotamus . How many cards does Larry end with ?,91.0 17.0,- number0 number1,74.0,"[2, 3, 4, 5, 6, 7, 17, 18, 19]",Larry starts with number0 cards . number1 are eaten by a hippopotamus .,How many cards does Larry end with ?
"Keith spent $ number0 on speakers , $ number1 on a CD player , and $ number2 on new tires . He wanted number3 CD 's for $ number4 , but did n't buy them . In total , how much did he spend ?",136.01 139.38 112.46 3.0 6.16,+ + number0 number1 number2,387.85,"[2, 3, 4, 5, 7, 8, 9, 10, 15, 16, 17, 18]","Keith spent $ number0 on speakers , $ number1 on a CD player , and $ number2 on new tires . He wanted number3 CD 's for $ number4 , but did n't buy them . In total ,",how much did he spend ?
"For Halloween Janet and her sister combined the candy they received . Janet had number0 pieces of candy while her sister had number1 . If they ate number2 pieces the first night , how many pieces do they have left ?",34.0 33.0 4.0,- + number0 number1 number2,63.0,"[13, 14, 15, 21, 22, 23, 26, 27, 28, 37, 38, 39]","For Halloween Janet and her sister combined the candy they received . Janet had number0 pieces of candy while her sister had number1 . If they ate number2 pieces the first night ,",how many pieces do they have left ?
Each ticket costs $ number0 . How much do number1 tickets cost ?,9.0 4.0,* number0 number1,36.0,"[3, 4, 5, 8, 9, 10, 9, 10, 11]",Each ticket costs $ number0 .,How much do number1 tickets cost ?
"In one year , for the election for president there were number0 million voters , whereas in the next year there were number1 million voters . Find the percentage change in the number of voters ?",76.7 129.9,* / - number1 number0 number0 100.0,69.4,"[10, 11, 12, 21, 22, 23, 32, 33, 34]","In one year , for the election for president there were number0 million voters , whereas in the next year there were number1 million voters .",Find the percentage change in the number of voters ?
Carla has some marbles . She bought number0 marbles . Now she has number1 marbles all together . How many did she start with ?,489.0 2778.0,- number1 number0,2289.0,"[6, 7, 8, 12, 13, 14, 21, 22, 23]",Carla has some marbles . She bought number0 marbles . Now she has number1 marbles all together .,How many did she start with ?
"Lana picked number0 tulips and number1 roses to make flower bouquets . If she only used number2 of the flowers though , how many extra flowers did Lana pick ?",36.0 37.0 70.0,- + number0 number1 number2,3.0,"[1, 2, 3, 4, 5, 6, 15, 16, 17, 26, 27, 28]","Lana picked number0 tulips and number1 roses to make flower bouquets . If she only used number2 of the flowers though ,",how many extra flowers did Lana pick ?
James rode number0 miles at number1 miles per hour . How long did James ride ?,80.0 16.0,/ number0 number1,5.0,"[1, 2, 3, 4, 5, 6, 12, 13, 14]",James rode number0 miles at number1 miles per hour .,How long did James ride ?
"The tallest player on the basketball team is number0 inches tall . This is number1 inches taller than the shortest player . How tall is the shortest player , in inches ?",77.75 9.5,- number0 number1,68.25,"[7, 8, 9, 13, 14, 15, 28, 29, 30]",The tallest player on the basketball team is number0 inches tall . This is number1 inches taller than the shortest player .,"How tall is the shortest player , in inches ?"
How much would number0 pieces of bubble gum cost if each piece costs number1 cents ?,136.0 18.0,* number0 number1,2448.0,"[2, 3, 4, 12, 13, 14, 12, 13, 14]",,How much would number0 pieces of bubble gum cost if each piece costs number1 cents ?
Paul had number0 strawberries in his basket . He picked number1 more strawberries . How many strawberries did he have then ?,28.0 35.0,+ number0 number1,63.0,"[1, 2, 3, 9, 10, 11, 18, 19, 20]",Paul had number0 strawberries in his basket . He picked number1 more strawberries .,How many strawberries did he have then ?
